INSERT INTO ROLE (ID,ROLE_NAME,ROLE_DESCRIPTION)VALUES(1,"Admin","Adminstrator with full rights, for an account");
INSERT INTO ROLE (ID,ROLE_NAME,ROLE_DESCRIPTION)VALUES(2,"Provider","Provider Rights");
INSERT INTO ROLE (ID,ROLE_NAME,ROLE_DESCRIPTION)VALUES(3,"Staff","Staff Rights");
 
 INSERT INTO provider(ID,FIRST_NAME,LAST_NAME,USER_NAME,PASSWORD,ROLE_ID,ACCOUNT_ID)VALUES(1,"Marcus","Welby","mwelby","password?1",2,1);
 INSERT INTO provider(ID,FIRST_NAME,LAST_NAME,USER_NAME,PASSWORD,ROLE_ID,ACCOUNT_ID)VALUES(2,"Ned","Turner","nturner","password?1",2,1);
 INSERT INTO provider(ID,FIRST_NAME,LAST_NAME,USER_NAME,PASSWORD,ROLE_ID,ACCOUNT_ID)VALUES(3,"Mindy","Lahiri","mlahiri","password?1",1,1);
 INSERT INTO provider(ID,FIRST_NAME,LAST_NAME,USER_NAME,PASSWORD,ROLE_ID,ACCOUNT_ID)VALUES(4,"Kevin","Bacon","kbacon","password?1",1,1);
 INSERT INTO provider(ID,FIRST_NAME,LAST_NAME,USER_NAME,PASSWORD,ROLE_ID,ACCOUNT_ID)VALUES(5,"Denzel","Washington","dwashington","password?1",1,1);
 INSERT INTO provider(ID,FIRST_NAME,LAST_NAME,USER_NAME,PASSWORD,ROLE_ID,ACCOUNT_ID)VALUES(6,"Jonas","Salk","mwelby","password?1",2,-999);
 INSERT INTO provider(ID,FIRST_NAME,LAST_NAME,USER_NAME,PASSWORD,ROLE_ID,ACCOUNT_ID)VALUES(7,"Ned","Turner","nturner","password?1",2,-999);
 INSERT INTO provider(ID,FIRST_NAME,LAST_NAME,USER_NAME,PASSWORD,ROLE_ID,ACCOUNT_ID)VALUES(8,"Mindy","Lahiri","mlahiri","password?1",1,-999);
 
 INSERT INTO ACCOUNT(ID,NAME,CREATED)VALUES(1,"The Eye Clinic", CURRENT_TIMESTAMP());
 INSERT INTO ACCOUNT(ID,NAME,CREATED)VALUES(2,"Marcus Welby & Associates", CURRENT_TIMESTAMP());
 INSERT INTO ACCOUNT(ID,NAME,CREATED)VALUES(3,"The Foot Clinic", CURRENT_TIMESTAMP());
 -- Test Account --
  INSERT INTO ACCOUNT(ID,NAME,CREATED)VALUES(-999,"Provider Test Clinic", CURRENT_TIMESTAMP());
 
 INSERT INTO PATIENT (ID, FIRST_NAME,LAST_NAME, TELEPHONE_NUMBER,EMAIL,SMS_NOTIFICATION,EMAIL_NOTIFICATION)
 VALUES(1, "Joseph", "Kuo","415-555-1212","jkuo@smartenterprises.com",1,1);
 INSERT INTO PATIENT (ID,FIRST_NAME,LAST_NAME, TELEPHONE_NUMBER,EMAIL,SMS_NOTIFICATION,EMAIL_NOTIFICATION)
 VALUES(2, "Jane", "Smith","212-555-1212","jkuo@jsmith@workfromhome.com",1,1);
 INSERT INTO PATIENT (ID,FIRST_NAME,LAST_NAME, TELEPHONE_NUMBER,EMAIL,SMS_NOTIFICATION,EMAIL_NOTIFICATION)
 VALUES(3, "John", "Doe","702-555-1212","jkuo@jsmith@workfromhome.com",0,1);
 INSERT INTO PATIENT (ID,FIRST_NAME,LAST_NAME, TELEPHONE_NUMBER,EMAIL,SMS_NOTIFICATION,EMAIL_NOTIFICATION)
 VALUES(4, "Joseph", "Kuo","415-555-1212","jkuo@smartenterprises.com",1,1);
 INSERT INTO PATIENT (ID,FIRST_NAME,LAST_NAME, TELEPHONE_NUMBER,EMAIL,SMS_NOTIFICATION,EMAIL_NOTIFICATION)
 VALUES(5,"Sally", "Field","212-555-1212","sfield@jsmith@flyingnun.com",1,1);
 -- Unit Test Patients --
 INSERT INTO PATIENT (ID,FIRST_NAME,LAST_NAME, TELEPHONE_NUMBER,EMAIL,SMS_NOTIFICATION,EMAIL_NOTIFICATION)
 VALUES(6,"Alec", "Baldwin","702-555-1212","jkuo@jsmith@snl.com",1,0);
 INSERT INTO PATIENT (ID,FIRST_NAME,LAST_NAME, TELEPHONE_NUMBER,EMAIL,SMS_NOTIFICATION,EMAIL_NOTIFICATION)
 VALUES(7,"Angelina", "Pitt","415-555-1212","jkuo@vgameactor.com",1,0);
 INSERT INTO PATIENT (ID,FIRST_NAME,LAST_NAME, TELEPHONE_NUMBER,EMAIL,SMS_NOTIFICATION,EMAIL_NOTIFICATION)
 VALUES(8,"Jada", "Picket","212-555-1212","jkuo@jsmith@workfromhome.com",0,1);
 INSERT INTO PATIENT (ID,FIRST_NAME,LAST_NAME, TELEPHONE_NUMBER,EMAIL,SMS_NOTIFICATION,EMAIL_NOTIFICATION)
 VALUES(9,"Betty", "White","702-555-1212","bwhite@jsmith@goldengirls23.com",0,1);
 INSERT INTO PATIENT (ID,FIRST_NAME,LAST_NAME, TELEPHONE_NUMBER,EMAIL,SMS_NOTIFICATION,EMAIL_NOTIFICATION)
 VALUES(10,"Betty", "Davis","607-555-1212","bdavis@goldengirls23.com",0,1);
-- Locations --
 INSERT INTO LOCATION (ID,ADDRESS_1,ADDRESS_2,CITY, STATE_PROVINCE,POSTAL_CODE, COUNTRY, TELEPHONE)
 VALUES(1,"344 MAIN","Suite 450","Mountain View","CA","94039","USA","650-555-1212");
 INSERT INTO LOCATION (ID,ADDRESS_1,ADDRESS_2,CITY, STATE_PROVINCE,POSTAL_CODE, COUNTRY, TELEPHONE)
 VALUES(2,"3344 Washington ","Suite 1450","San Jose","CA","94039","USA","408-555-1212");
 INSERT INTO LOCATION (ID,ADDRESS_1,ADDRESS_2,CITY, STATE_PROVINCE,POSTAL_CODE, COUNTRY, TELEPHONE)
 VALUES(3,"1350 MARKET","Suite 450","San Francisco","CA","94039","USA","415-555-1212");
 -- Unit Test Location
 INSERT INTO LOCATION (ID,ADDRESS_1,ADDRESS_2,CITY, STATE_PROVINCE,POSTAL_CODE, COUNTRY, TELEPHONE)
 VALUES(4,"150 Broad Street ","Suite 450","New York ","NY","10012","USA","212-555-1212");
 
 INSERT INTO ACCOUNT_LOCATION(ID, ACCOUNT_ID,LOCATION_ID, CREATED)VALUES(1,1,1, CURRENT_TIMESTAMP());
 INSERT INTO ACCOUNT_LOCATION(ID, ACCOUNT_ID,LOCATION_ID, CREATED)VALUES(2,1,2, CURRENT_TIMESTAMP());
 INSERT INTO ACCOUNT_LOCATION(ID, ACCOUNT_ID,LOCATION_ID, CREATED)VALUES(3,1,3, CURRENT_TIMESTAMP());
 
 INSERT INTO ACCOUNT_LOCATION(ID, ACCOUNT_ID,LOCATION_ID, CREATED)VALUES(4,-999,4, CURRENT_TIMESTAMP());
 INSERT INTO ACCOUNT_LOCATION(ID, ACCOUNT_ID,LOCATION_ID, CREATED)VALUES(5,-999,2, CURRENT_TIMESTAMP());
  
 INSERT INTO ACCOUNT_PATIENT(ID, ACCOUNT_ID,PATIENT_ID, CREATED)VALUES(1,1,1, CURRENT_TIMESTAMP());
 INSERT INTO ACCOUNT_PATIENT(ID, ACCOUNT_ID,PATIENT_ID, CREATED)VALUES(2,1,2, CURRENT_TIMESTAMP());
 INSERT INTO ACCOUNT_PATIENT(ID, ACCOUNT_ID,PATIENT_ID, CREATED)VALUES(3,1,3, CURRENT_TIMESTAMP());
 INSERT INTO ACCOUNT_PATIENT(ID, ACCOUNT_ID,PATIENT_ID, CREATED)VALUES(4,1,10, CURRENT_TIMESTAMP());
 INSERT INTO ACCOUNT_PATIENT(ID, ACCOUNT_ID,PATIENT_ID, CREATED)VALUES(5,1,9, CURRENT_TIMESTAMP());
 
 INSERT INTO ACCOUNT_PATIENT(ID, ACCOUNT_ID,PATIENT_ID, CREATED)VALUES(6,-999,6, CURRENT_TIMESTAMP());
 INSERT INTO ACCOUNT_PATIENT(ID, ACCOUNT_ID,PATIENT_ID, CREATED)VALUES(7,-999,7, CURRENT_TIMESTAMP());
 INSERT INTO ACCOUNT_PATIENT(ID, ACCOUNT_ID,PATIENT_ID, CREATED)VALUES(8,-999,8, CURRENT_TIMESTAMP());
 INSERT INTO ACCOUNT_PATIENT(ID, ACCOUNT_ID,PATIENT_ID, CREATED)VALUES(9,-999,9, CURRENT_TIMESTAMP());
 
-- Appointment --
 INSERT INTO APPOINTMENT(ID, DESCRIPTION,START_TIME,END_TIME, LOCATION_ID,ACCOUNT_ID,PROVIDER_ID,PATIENT_ID, CREATED_DATE)
 VALUES(1,"Regular Checkup", TIMESTAMPADD(DAY,1,CURRENT_TIMESTAMP()), TIMESTAMPADD(HOUR,2,TIMESTAMPADD(DAY,1,CURRENT_TIMESTAMP())), 1,1,1,9, CURRENT_TIMESTAMP());
 
 INSERT INTO APPOINTMENT(ID, DESCRIPTION,START_TIME,END_TIME, LOCATION_ID,ACCOUNT_ID,PROVIDER_ID,PATIENT_ID,CANCELLED, CREATED_DATE)
 VALUES(2,"Regular Checkup", TIMESTAMPADD(DAY,1,CURRENT_TIMESTAMP()), TIMESTAMPADD(HOUR,2,TIMESTAMPADD(DAY,1,CURRENT_TIMESTAMP())), 1,1,1,10,1, CURRENT_TIMESTAMP());
 
 INSERT INTO APPOINTMENT(ID, DESCRIPTION,START_TIME,END_TIME, LOCATION_ID,ACCOUNT_ID,PROVIDER_ID,PATIENT_ID, CREATED_DATE)
 VALUES(3,"Regular Checkup", TIMESTAMPADD(DAY,2,CURRENT_TIMESTAMP()), TIMESTAMPADD(HOUR,2,TIMESTAMPADD(DAY,1,CURRENT_TIMESTAMP())), 4,-999,1,6, CURRENT_TIMESTAMP());
 
 INSERT INTO APPOINTMENT(ID, DESCRIPTION,START_TIME,END_TIME, LOCATION_ID,ACCOUNT_ID,PROVIDER_ID,PATIENT_ID, CREATED_DATE)
 VALUES(4,"Regular Checkup", TIMESTAMPADD(DAY,2,CURRENT_TIMESTAMP()), TIMESTAMPADD(HOUR,2,TIMESTAMPADD(DAY,1,CURRENT_TIMESTAMP())), 4,-999,1,7, CURRENT_TIMESTAMP());
 
 INSERT INTO APPOINTMENT(ID, DESCRIPTION,START_TIME,END_TIME, LOCATION_ID,ACCOUNT_ID,PROVIDER_ID,PATIENT_ID, CREATED_DATE)
 VALUES(5,"Regular Checkup", TIMESTAMPADD(WEEK,1,CURRENT_TIMESTAMP()), TIMESTAMPADD(HOUR,2,TIMESTAMPADD(WEEK,1,CURRENT_TIMESTAMP())), 4,-999,1,8, CURRENT_TIMESTAMP());
 
 INSERT INTO APPOINTMENT(ID, DESCRIPTION,START_TIME,END_TIME, LOCATION_ID,ACCOUNT_ID,PROVIDER_ID,PATIENT_ID, CREATED_DATE)
 VALUES(6,"Regular Checkup", TIMESTAMPADD(WEEK,1,CURRENT_TIMESTAMP()), TIMESTAMPADD(HOUR,2,TIMESTAMPADD(WEEK,1,CURRENT_TIMESTAMP())), 4,-999,1,9, CURRENT_TIMESTAMP());
 
 INSERT INTO APPOINTMENT(ID, DESCRIPTION,START_TIME,END_TIME, LOCATION_ID,ACCOUNT_ID,PROVIDER_ID,PATIENT_ID, CREATED_DATE)
 VALUES(7,"Regular Checkup", TIMESTAMPADD(WEEK,1,CURRENT_TIMESTAMP()), TIMESTAMPADD(HOUR,2,TIMESTAMPADD(WEEK,1,CURRENT_TIMESTAMP())), 4,-999,1,9, CURRENT_TIMESTAMP());
 
 -- Reminder --
 INSERT INTO REMINDER(ID,APPOINTMENT_ID, ACCOUNT_ID,TYPE,PROVIDER_ID, PATIENT_EMAIL,CUTTOFF_TIME,APPT_START_TIME,CREATED_DATE)
 VALUES(1,1,1,0,2,"dmuruli@yahoo.com",TIMESTAMPADD(DAY,-1,CURRENT_TIMESTAMP()),TIMESTAMPADD(DAY,7,CURRENT_TIMESTAMP()),CURRENT_TIMESTAMP());
 
 INSERT INTO REMINDER(ID,APPOINTMENT_ID, ACCOUNT_ID,TYPE,PROVIDER_ID,PATIENT_PHONE_NO,CUTTOFF_TIME,APPT_START_TIME,CREATED_DATE)
 VALUES(2,1,1,1,2,"415-412-0269",TIMESTAMPADD(DAY,1,CURRENT_TIMESTAMP()),TIMESTAMPADD(DAY,7,CURRENT_TIMESTAMP()),CURRENT_TIMESTAMP());

 --Provider Location--
 INSERT INTO PROVIDER_LOCATION(ID,LOCATION_ID,PROVIDER_ID) VALUES (1,1,1);
 INSERT INTO PROVIDER_LOCATION(ID,LOCATION_ID,PROVIDER_ID) VALUES (2,2,1);  
 INSERT INTO PROVIDER_LOCATION(ID,LOCATION_ID,PROVIDER_ID) VALUES (3,3,1);  
 INSERT INTO PROVIDER_LOCATION(ID,LOCATION_ID,PROVIDER_ID) VALUES (4,3,1); 
 INSERT INTO PROVIDER_LOCATION(ID,LOCATION_ID,PROVIDER_ID) VALUES (5,1,3); 
 INSERT INTO PROVIDER_LOCATION(ID,LOCATION_ID,PROVIDER_ID) VALUES (6,2,3);  
 INSERT INTO PROVIDER_LOCATION(ID,LOCATION_ID,PROVIDER_ID) VALUES (7,3,3); 
 INSERT INTO PROVIDER_LOCATION(ID,LOCATION_ID,PROVIDER_ID) VALUES (8,3,3);  
 INSERT INTO PROVIDER_LOCATION(ID,LOCATION_ID,PROVIDER_ID) VALUES (9,2,6); 
 INSERT INTO PROVIDER_LOCATION(ID,LOCATION_ID,PROVIDER_ID) VALUES (10,2,7); 
 INSERT INTO PROVIDER_LOCATION(ID,LOCATION_ID,PROVIDER_ID) VALUES (11,2,8); 
 
 --Speciality--
 INSERT INTO SPECIALITY(ID,NAME)VALUES(1, "Adolescent");
 INSERT INTO SPECIALITY(ID,NAME)VALUES(2, "Marriage");
 INSERT INTO SPECIALITY(ID,NAME)VALUES(3, "Trauma ");
 
 --Speciality Provider --
 INSERT INTO SPECIALITY_PROVIDER(ID,PROVIDER_ID,SPECIALITY_ID)VALUES(1,1,1);
 INSERT INTO SPECIALITY_PROVIDER(ID,PROVIDER_ID,SPECIALITY_ID)VALUES(2,1,2);
 INSERT INTO SPECIALITY_PROVIDER(ID,PROVIDER_ID,SPECIALITY_ID)VALUES(3,1,3);
 INSERT INTO SPECIALITY_PROVIDER(ID,PROVIDER_ID,SPECIALITY_ID)VALUES(4,2,1);
 INSERT INTO SPECIALITY_PROVIDER(ID,PROVIDER_ID,SPECIALITY_ID)VALUES(5,2,2);
 INSERT INTO SPECIALITY_PROVIDER(ID,PROVIDER_ID,SPECIALITY_ID)VALUES(6,2,3);
 INSERT INTO SPECIALITY_PROVIDER(ID,PROVIDER_ID,SPECIALITY_ID)VALUES(7,5,1);
 INSERT INTO SPECIALITY_PROVIDER(ID,PROVIDER_ID,SPECIALITY_ID)VALUES(8,5,2);
 INSERT INTO SPECIALITY_PROVIDER(ID,PROVIDER_ID,SPECIALITY_ID)VALUES(9,5,3);
 
 --Test Appointments current time, Mountain View location --
 
 INSERT INTO APPOINTMENT(ID, DESCRIPTION,START_TIME,END_TIME, LOCATION_ID,ACCOUNT_ID,PROVIDER_ID,PATIENT_ID,CANCELLED, CREATED_DATE)
 VALUES(-990,"Regular Checkup", TIMESTAMPADD(HOUR,-1,CURRENT_TIMESTAMP()), TIMESTAMPADD(HOUR,1,CURRENT_TIMESTAMP()), 2,-999,1,4, FALSE,CURRENT_TIMESTAMP());
 
 INSERT INTO APPOINTMENT(ID, DESCRIPTION,START_TIME,END_TIME, LOCATION_ID,ACCOUNT_ID,PROVIDER_ID,PATIENT_ID,CANCELLED, CREATED_DATE)
 VALUES(-991,"Regular Checkup", TIMESTAMPADD(HOUR,-1,CURRENT_TIMESTAMP()), TIMESTAMPADD(HOUR,1,CURRENT_TIMESTAMP()), 2,-999,3,4, FALSE,CURRENT_TIMESTAMP());
 
 INSERT INTO APPOINTMENT(ID, DESCRIPTION,START_TIME,END_TIME, LOCATION_ID,ACCOUNT_ID,PROVIDER_ID,PATIENT_ID,CANCELLED, CREATED_DATE)
 VALUES(-992,"Regular Checkup", TIMESTAMPADD(HOUR,-1,CURRENT_TIMESTAMP()), TIMESTAMPADD(HOUR,1,CURRENT_TIMESTAMP()), 2,-999,4,4,FALSE, CURRENT_TIMESTAMP());
 
